{"cameraMode":{"drawMode":0,"name":"Shaded","section":"Shading Mode"},"sceneLighting":true,"audioPlay":false,"sceneViewState":{"showFog":true,"showMaterialUpdate":false,"showSkybox":true,"showFlares":true,"showImageEffects":true,"showParticleSystems":true},"in2DMode":false,"pivot":{"x":43.069969177246097,"y":-12.905227661132813,"z":21.157516479492189},"rotation":{"x":0.14374001324176789,"y":-0.02712514065206051,"z":0.00399015424773097,"w":0.9892575144767761},"size":108.10734558105469,"orthographic":false}